연도,소한,대한,입춘,우수,경칩,춘분,청명,곡우,입하,소만,망종,하지,소서,대서,입추,처서,백로,추분,한로,상강,입동,소설,대설,동지
1900,1월 6일,1월 20일,2월 4일,2월 19일,3월 6일,3월 21일,4월 5일,4월 20일,5월 6일,5월 21일,6월 6일,6월 22일,7월 8일,7월 23일,8월 8일,8월 24일,9월 8일,9월 23일,10월 9일,10월 24일,11월 8일,11월 23일,12월 7일,12월 22일
1901,1월 6일,1월 21일,2월 4일,2월 19일,3월 6일,3월 21일,4월 5일,4월 21일,5월 6일,5월 22일,6월 6일,6월 22일,7월 8일,7월 23일,8월 8일,8월 24일,9월 8일,9월 24일,10월 9일,10월 24일,11월 8일,11월 23일,12월 8일,12월 22일
1902,1월 6일,1월 21일,2월 5일,2월 19일,3월 6일,3월 21일,4월 6일,4월 21일,5월 6일,5월 22일,6월 7일,6월 22일,7월 8일,7월 24일,8월 8일,8월 24일,9월 8일,9월 24일,10월 9일,10월 24일,11월 8일,11월 23일,12월 8일,12월 23일
1903,1월 6일,1월 21일,2월 5일,2월 20일,3월 7일,3월 22일,4월 6일,4월 21일,5월 7일,5월 22일,6월 7일,6월 23일,7월 8일,7월 24일,8월 9일,8월 24일,9월 9일,9월 24일,10월 9일,10월 24일,11월 8일,11월 23일,12월 8일,12월 23일
1904,1월 7일,1월 21일,2월 5일,2월 20일,3월 6일,3월 21일,4월 5일,4월 20일,5월 6일,5월 21일,6월 6일,6월 22일,7월 7일,7월 23일,8월 8일,8월 23일,9월 8일,9월 23일,10월 9일,10월 24일,11월 8일,11월 23일,12월 7일,12월 22일
1905,1월 6일,1월 21일,2월 4일,2월 19일,3월 6일,3월 21일,4월 5일,4월 21일,5월 6일,5월 22일,6월 6일,6월 22일,7월 8일,7월 23일,8월 8일,8월 24일,9월 8일,9월 24일,10월 9일,10월 24일,11월 8일,11월 23일,12월 8일,12월 22일
1906,1월 6일,1월 21일,2월 5일,2월 19일,3월 6일,3월 21일,4월 6일,4월 21일,5월 6일,5월 22일,6월 7일,6월 22일,7월 8일,7월 24일,8월 8일,8월 24일,9월 8일,9월 24일,10월 9일,10월 24일,11월 8일,11월 23일,12월 8일,12월 23일
1907,1월 6일,1월 21일,2월 5일,2월 20일,3월 7일,3월 22일,4월 6일,4월 21일,5월 7일,5월 22일,6월 7일,6월 22일,7월 8일,7월 24일,8월 9일,8월 24일,9월 9일,9월 24일,10월 9일,10월 24일,11월 8일,11월 23일,12월 8일,12월 23일
1908,1월 7일,1월 21일,2월 5일,2월 20일,3월 6일,3월 21일,4월 5일,4월 20일,5월 6일,5월 21일,6월 6일,6월 22일,7월 7일,7월 23일,8월 8일,8월 23일,9월 8일,9월 23일,10월 9일,10월 24일,11월 8일,11월 23일,12월 7일,12월 22일
1909,1월 6일,1월 21일,2월 4일,2월 19일,3월 6일,3월 21일,4월 5일,4월 21일,5월 6일,5월 22일,6월 6일,6월 22일,7월 8일,7월 23일,8월 8일,8월 24일,9월 8일,9월 24일,10월 9일,10월 24일,11월 8일,11월 23일,12월 8일,12월 22일
1910,1월 6일,1월 21일,2월 5일,2월 19일,3월 6일,3월 21일,4월 6일,4월 21일,5월 6일,5월 22일,6월 6일,6월 22일,7월 8일,7월 24일,8월 8일,8월 24일,9월 8일,9월 24일,10월 9일,10월 24일,11월 8일,11월 23일,12월 8일,12월 23일
1911,1월 6일,1월 21일,2월 5일,2월 20일,3월 7일,3월 22일,4월 6일,4월 21일,5월 7일,5월 22일,6월 7일,6월 22일,7월 8일,7월 24일,8월 9일,8월 24일,9월 9일,9월 24일,10월 9일,10월 24일,11월 8일,11월 23일,12월 8일,12월 23일
1912,1월 7일,1월 21일,2월 5일,2월 20일,3월 6일,3월 21일,4월 5일,4월 20일,5월 6일,5월 21일,6월 6일,6월 22일,7월 7일,7월 23일,8월 8일,8월 23일,9월 8일,9월 23일,10월 9일,10월 24일,11월 8일,11월 23일,12월 7일,12월 22일
1913,1월 6일,1월 21일,2월 4일,2월 19일,3월 6일,3월 21일,4월 5일,4월 21일,5월 6일,5월 22일,6월 6일,6월 22일,7월 8일,7월 23일,8월 8일,8월 24일,9월 8일,9월 24일,10월 9일,10월 24일,11월 8일,11월 23일,12월 8일,12월 22일
1914,1월 6일,1월 21일,2월 5일,2월 19일,3월 6일,3월 21일,4월 6일,4월 21일,5월 6일,5월 22일,6월 6일,6월 22일,7월 8일,7월 24일,8월 8일,8월 24일,9월 8일,9월 24일,10월 9일,10월 24일,11월 8일,11월 23일,12월 8일,12월 23일
1915,1월 6일,1월 21일,2월 5일,2월 20일,3월 7일,3월 22일,4월 6일,4월 21일,5월 7일,5월 22일,6월 7일,6월 22일,7월 8일,7월 24일,8월 9일,8월 24일,9월 9일,9월 24일,10월 9일,10월 24일,11월 8일,11월 23일,12월 8일,12월 23일
1916,1월 7일,1월 21일,2월 5일,2월 20일,3월 6일,3월 21일,4월 5일,4월 20일,5월 6일,5월 21일,6월 6일,6월 22일,7월 7일,7월 23일,8월 8일,8월 23일,9월 8일,9월 23일,10월 9일,10월 24일,11월 8일,11월 22일,12월 7일,12월 22일
1917,1월 6일,1월 20일,2월 4일,2월 19일,3월 6일,3월 21일,4월 5일,4월 21일,5월 6일,5월 22일,6월 6일,6월 22일,7월 8일,7월 23일,8월 8일,8월 24일,9월 8일,9월 24일,10월 9일,10월 24일,11월 8일,11월 23일,12월 8일,12월 22일
1918,1월 6일,1월 21일,2월 4일,2월 19일,3월 6일,3월 21일,4월 5일,4월 21일,5월 6일,5월 22일,6월 6일,6월 22일,7월 8일,7월 24일,8월 8일,8월 24일,9월 8일,9월 24일,10월 9일,10월 24일,11월 8일,11월 23일,12월 8일,12월 23일
1919,1월 6일,1월 21일,2월 5일,2월 20일,3월 7일,3월 22일,4월 6일,4월 21일,5월 6일,5월 22일,6월 7일,6월 22일,7월 8일,7월 24일,8월 8일,8월 24일,9월 9일,9월 24일,10월 9일,10월 24일,11월 8일,11월 23일,12월 8일,12월 23일
1920,1월 6일,1월 21일,2월 5일,2월 20일,3월 6일,3월 21일,4월 5일,4월 20일,5월 6일,5월 21일,6월 6일,6월 22일,7월 7일,7월 23일,8월 8일,8월 23일,9월 8일,9월 23일,10월 8일,10월 24일,11월 8일,11월 22일,12월 7일,12월 22일
1921,1월 6일,1월 20일,2월 4일,2월 19일,3월 6일,3월 21일,4월 5일,4월 21일,5월 6일,5월 22일,6월 6일,6월 22일,7월 8일,7월 23일,8월 8일,8월 24일,9월 8일,9월 23일,10월 9일,10월 24일,11월 8일,11월 23일,12월 8일,12월 22일
1922,1월 6일,1월 21일,2월 4일,2월 19일,3월 6일,3월 21일,4월 5일,4월 21일,5월 6일,5월 22일,6월 6일,6월 22일,7월 8일,7월 24일,8월 8일,8월 24일,9월 8일,9월 24일,10월 9일,10월 24일,11월 8일,11월 23일,12월 8일,12월 22일
1923,1월 6일,1월 21일,2월 5일,2월 20일,3월 6일,3월 22일,4월 6일,4월 21일,5월 6일,5월 22일,6월 7일,6월 22일,7월 8일,7월 24일,8월 8일,8월 24일,9월 9일,9월 24일,10월 9일,10월 24일,11월 8일,11월 23일,12월 8일,12월 23일
1924,1월 6일,1월 21일,2월 5일,2월 20일,3월 6일,3월 21일,4월 5일,4월 20일,5월 6일,5월 21일,6월 6일,6월 22일,7월 7일,7월 23일,8월 8일,8월 23일,9월 8일,9월 23일,10월 8일,10월 24일,11월 8일,11월 22일,12월 7일,12월 22일
1925,1월 6일,1월 20일,2월 4일,2월 19일,3월 6일,3월 21일,4월 5일,4월 20일,5월 6일,5월 21일,6월 6일,6월 22일,7월 8일,7월 23일,8월 8일,8월 24일,9월 8일,9월 23일,10월 9일,10월 24일,11월 8일,11월 23일,12월 7일,12월 22일
1926,1월 6일,1월 21일,2월 4일,2월 19일,3월 6일,3월 21일,4월 5일,4월 21일,5월 6일,5월 22일,6월 6일,6월 22일,7월 8일,7월 24일,8월 8일,8월 24일,9월 8일,9월 24일,10월 9일,10월 24일,11월 8일,11월 23일,12월 8일,12월 22일
1927,1월 6일,1월 21일,2월 5일,2월 20일,3월 6일,3월 21일,4월 6일,4월 21일,5월 6일,5월 22일,6월 7일,6월 22일,7월 8일,7월 24일,8월 8일,8월 24일,9월 9일,9월 24일,10월 9일,10월 24일,11월 8일,11월 23일,12월 8일,12월 23일
1928,1월 6일,1월 21일,2월 5일,2월 20일,3월 6일,3월 21일,4월 5일,4월 20일,5월 6일,5월 21일,6월 6일,6월 22일,7월 7일,7월 23일,8월 8일,8월 23일,9월 8일,9월 23일,10월 8일,10월 24일,11월 8일,11월 22일,12월 7일,12월 22일
1929,1월 6일,1월 20일,2월 4일,2월 19일,3월 6일,3월 21일,4월 5일,4월 20일,5월 6일,5월 21일,6월 6일,6월 22일,7월 8일,7월 23일,8월 8일,8월 24일,9월 8일,9월 23일,10월 9일,10월 24일,11월 8일,11월 23일,12월 7일,12월 22일
1930,1월 6일,1월 21일,2월 4일,2월 19일,3월 6일,3월 21일,4월 5일,4월 21일,5월 6일,5월 22일,6월 6일,6월 22일,7월 8일,7월 23일,8월 8일,8월 24일,9월 8일,9월 24일,10월 9일,10월 24일,11월 8일,11월 23일,12월 8일,12월 22일
1931,1월 6일,1월 21일,2월 5일,2월 19일,3월 6일,3월 21일,4월 6일,4월 21일,5월 6일,5월 22일,6월 7일,6월 22일,7월 8일,7월 24일,8월 8일,8월 24일,9월 9일,9월 24일,10월 9일,10월 24일,11월 8일,11월 23일,12월 8일,12월 23일
1932,1월 6일,1월 21일,2월 5일,2월 20일,3월 6일,3월 21일,4월 5일,4월 20일,5월 6일,5월 21일,6월 6일,6월 22일,7월 7일,7월 23일,8월 8일,8월 23일,9월 8일,9월 23일,10월 8일,10월 24일,11월 7일,11월 22일,12월 7일,12월 22일
1933,1월 6일,1월 20일,2월 4일,2월 19일,3월 6일,3월 21일,4월 5일,4월 20일,5월 6일,5월 21일,6월 6일,6월 22일,7월 7일,7월 23일,8월 8일,8월 23일,9월 8일,9월 23일,10월 9일,10월 24일,11월 8일,11월 23일,12월 7일,12월 22일
1934,1월 6일,1월 21일,2월 4일,2월 19일,3월 6일,3월 21일,4월 5일,4월 21일,5월 6일,5월 22일,6월 6일,6월 22일,7월 8일,7월 23일,8월 8일,8월 24일,9월 8일,9월 24일,10월 9일,10월 24일,11월 8일,11월 23일,12월 8일,12월 22일
1935,1월 6일,1월 21일,2월 5일,2월 19일,3월 6일,3월 21일,4월 6일,4월 21일,5월 6일,5월 22일,6월 7일,6월 22일,7월 8일,7월 24일,8월 8일,8월 24일,9월 8일,9월 24일,10월 9일,10월 24일,11월 8일,11월 23일,12월 8일,12월 23일
1936,1월 6일,1월 21일,2월 5일,2월 20일,3월 6일,3월 21일,4월 5일,4월 20일,5월 6일,5월 21일,6월 6일,6월 21일,7월 7일,7월 23일,8월 8일,8월 23일,9월 8일,9월 23일,10월 8일,10월 23일,11월 7일,11월 22일,12월 7일,12월 22일
1937,1월 6일,1월 20일,2월 4일,2월 19일,3월 6일,3월 21일,4월 5일,4월 20일,5월 6일,5월 21일,6월 6일,6월 22일,7월 7일,7월 23일,8월 8일,8월 23일,9월 8일,9월 23일,10월 9일,10월 24일,11월 8일,11월 23일,12월 7일,12월 22일
1938,1월 6일,1월 21일,2월 4일,2월 19일,3월 6일,3월 21일,4월 5일,4월 21일,5월 6일,5월 22일,6월 6일,6월 22일,7월 8일,7월 23일,8월 8일,8월 24일,9월 8일,9월 24일,10월 9일,10월 24일,11월 8일,11월 23일,12월 8일,12월 22일
1939,1월 6일,1월 21일,2월 5일,2월 19일,3월 6일,3월 21일,4월 6일,4월 21일,5월 6일,5월 22일,6월 6일,6월 22일,7월 8일,7월 24일,8월 8일,8월 24일,9월 8일,9월 24일,10월 9일,10월 24일,11월 8일,11월 23일,12월 8일,12월 23일
1940,1월 6일,1월 21일,2월 5일,2월 20일,3월 6일,3월 21일,4월 5일,4월 20일,5월 6일,5월 21일,6월 6일,6월 21일,7월 7일,7월 23일,8월 8일,8월 23일,9월 8일,9월 23일,10월 8일,10월 23일,11월 7일,11월 22일,12월 7일,12월 22일
1941,1월 6일,1월 20일,2월 4일,2월 19일,3월 6일,3월 21일,4월 5일,4월 20일,5월 6일,5월 21일,6월 6일,6월 22일,7월 7일,7월 23일,8월 8일,8월 23일,9월 8일,9월 23일,10월 9일,10월 24일,11월 8일,11월 23일,12월 7일,12월 22일
1942,1월 6일,1월 21일,2월 4일,2월 19일,3월 6일,3월 21일,4월 5일,4월 21일,5월 6일,5월 22일,6월 6일,6월 22일,7월 8일,7월 23일,8월 8일,8월 24일,9월 8일,9월 24일,10월 9일,10월 24일,11월 8일,11월 23일,12월 8일,12월 22일
1943,1월 6일,1월 21일,2월 5일,2월 19일,3월 6일,3월 21일,4월 6일,4월 21일,5월 6일,5월 22일,6월 6일,6월 22일,7월 8일,7월 24일,8월 8일,8월 24일,9월 8일,9월 24일,10월 9일,10월 24일,11월 8일,11월 23일,12월 8일,12월 23일
1944,1월 6일,1월 21일,2월 5일,2월 20일,3월 6일,3월 21일,4월 5일,4월 20일,5월 6일,5월 21일,6월 6일,6월 21일,7월 7일,7월 23일,8월 8일,8월 23일,9월 8일,9월 23일,10월 8일,10월 23일,11월 7일,11월 22일,12월 7일,12월 22일
1945,1월 6일,1월 20일,2월 4일,2월 19일,3월 6일,3월 21일,4월 5일,4월 20일,5월 6일,5월 21일,6월 6일,6월 22일,7월 7일,7월 23일,8월 8일,8월 23일,9월 8일,9월 23일,10월 9일,10월 24일,11월 8일,11월 23일,12월 7일,12월 22일
1946,1월 6일,1월 21일,2월 4일,2월 19일,3월 6일,3월 21일,4월 5일,4월 21일,5월 6일,5월 22일,6월 6일,6월 22일,7월 8일,7월 23일,8월 8일,8월 24일,9월 8일,9월 24일,10월 9일,10월 24일,11월 8일,11월 23일,12월 8일,12월 22일
1947,1월 6일,1월 21일,2월 5일,2월 19일,3월 6일,3월 21일,4월 6일,4월 21일,5월 6일,5월 22일,6월 6일,6월 22일,7월 8일,7월 24일,8월 8일,8월 24일,9월 8일,9월 24일,10월 9일,10월 24일,11월 8일,11월 23일,12월 8일,12월 23일
1948,1월 6일,1월 21일,2월 5일,2월 20일,3월 6일,3월 21일,4월 5일,4월 20일,5월 5일,5월 21일,6월 6일,6월 21일,7월 7일,7월 23일,8월 8일,8월 23일,9월 8일,9월 23일,10월 8일,10월 23일,11월 7일,11월 22일,12월 7일,12월 22일
1949,1월 6일,1월 20일,2월 4일,2월 19일,3월 6일,3월 21일,4월 5일,4월 20일,5월 6일,5월 21일,6월 6일,6월 22일,7월 7일,7월 23일,8월 8일,8월 23일,9월 8일,9월 23일,10월 9일,10월 24일,11월 8일,11월 23일,12월 7일,12월 22일
1950,1월 6일,1월 21일,2월 4일,2월 19일,3월 6일,3월 21일,4월 5일,4월 21일,5월 6일,5월 22일,6월 6일,6월 22일,7월 8일,7월 23일,8월 8일,8월 24일,9월 8일,9월 23일,10월 9일,10월 24일,11월 8일,11월 23일,12월 8일,12월 22일
1951,1월 6일,1월 21일,2월 5일,2월 19일,3월 6일,3월 21일,4월 5일,4월 21일,5월 6일,5월 22일,6월 6일,6월 22일,7월 8일,7월 24일,8월 8일,8월 24일,9월 8일,9월 24일,10월 9일,10월 24일,11월 8일,11월 23일,12월 8일,12월 23일
1952,1월 6일,1월 21일,2월 5일,2월 20일,3월 6일,3월 21일,4월 5일,4월 20일,5월 5일,5월 21일,6월 6일,6월 21일,7월 7일,7월 23일,8월 7일,8월 23일,9월 8일,9월 23일,10월 8일,10월 23일,11월 7일,11월 22일,12월 7일,12월 22일
1953,1월 6일,1월 20일,2월 4일,2월 19일,3월 6일,3월 21일,4월 5일,4월 20일,5월 6일,5월 21일,6월 6일,6월 22일,7월 7일,7월 23일,8월 8일,8월 23일,9월 8일,9월 23일,10월 8일,10월 24일,11월 8일,11월 22일,12월 7일,12월 22일
1954,1월 6일,1월 20일,2월 4일,2월 19일,3월 6일,3월 21일,4월 5일,4월 21일,5월 6일,5월 21일,6월 6일,6월 22일,7월 8일,7월 23일,8월 8일,8월 24일,9월 8일,9월 23일,10월 9일,10월 24일,11월 8일,11월 23일,12월 8일,12월 22일
1955,1월 6일,1월 21일,2월 4일,2월 19일,3월 6일,3월 21일,4월 5일,4월 21일,5월 6일,5월 22일,6월 6일,6월 22일,7월 8일,7월 24일,8월 8일,8월 24일,9월 8일,9월 24일,10월 9일,10월 24일,11월 8일,11월 23일,12월 8일,12월 23일
1956,1월 6일,1월 21일,2월 5일,2월 20일,3월 5일,3월 21일,4월 5일,4월 20일,5월 5일,5월 21일,6월 6일,6월 21일,7월 7일,7월 23일,8월 7일,8월 23일,9월 8일,9월 23일,10월 8일,10월 23일,11월 7일,11월 22일,12월 7일,12월 22일
1957,1월 5일,1월 20일,2월 4일,2월 19일,3월 6일,3월 21일,4월 5일,4월 20일,5월 6일,5월 21일,6월 6일,6월 22일,7월 7일,7월 23일,8월 8일,8월 23일,9월 8일,9월 23일,10월 8일,10월 24일,11월 8일,11월 22일,12월 7일,12월 22일
1958,1월 6일,1월 20일,2월 4일,2월 19일,3월 6일,3월 21일,4월 5일,4월 20일,5월 6일,5월 21일,6월 6일,6월 22일,7월 8일,7월 23일,8월 8일,8월 24일,9월 8일,9월 23일,10월 9일,10월 24일,11월 8일,11월 23일,12월 7일,12월 22일
1959,1월 6일,1월 21일,2월 4일,2월 19일,3월 6일,3월 21일,4월 5일,4월 21일,5월 6일,5월 22일,6월 6일,6월 22일,7월 8일,7월 23일,8월 8일,8월 24일,9월 8일,9월 24일,10월 9일,10월 24일,11월 8일,11월 23일,12월 8일,12월 22일
1960,1월 6일,1월 21일,2월 5일,2월 20일,3월 5일,3월 20일,4월 5일,4월 20일,5월 5일,5월 21일,6월 6일,6월 21일,7월 7일,7월 23일,8월 7일,8월 23일,9월 8일,9월 23일,10월 8일,10월 23일,11월 7일,11월 22일,12월 7일,12월 22일
1961,1월 5일,1월 20일,2월 4일,2월 19일,3월 6일,3월 21일,4월 5일,4월 20일,5월 6일,5월 21일,6월 6일,6월 22일,7월 7일,7월 23일,8월 8일,8월 23일,9월 8일,9월 23일,10월 8일,10월 24일,11월 8일,11월 22일,12월 7일,12월 22일
1962,1월 6일,1월 20일,2월 4일,2월 19일,3월 6일,3월 21일,4월 5일,4월 20일,5월 6일,5월 21일,6월 6일,6월 22일,7월 7일,7월 23일,8월 8일,8월 24일,9월 8일,9월 23일,10월 9일,10월 24일,11월 8일,11월 23일,12월 7일,12월 22일
1963,1월 6일,1월 21일,2월 4일,2월 19일,3월 6일,3월 21일,4월 5일,4월 21일,5월 6일,5월 22일,6월 6일,6월 22일,7월 8일,7월 23일,8월 8일,8월 24일,9월 8일,9월 24일,10월 9일,10월 24일,11월 8일,11월 23일,12월 8일,12월 22일
1964,1월 6일,1월 21일,2월 5일,2월 19일,3월 5일,3월 20일,4월 5일,4월 20일,5월 5일,5월 21일,6월 6일,6월 21일,7월 7일,7월 23일,8월 7일,8월 23일,9월 8일,9월 23일,10월 8일,10월 23일,11월 7일,11월 22일,12월 7일,12월 22일
1965,1월 5일,1월 20일,2월 4일,2월 19일,3월 6일,3월 21일,4월 5일,4월 20일,5월 6일,5월 21일,6월 6일,6월 21일,7월 7일,7월 23일,8월 8일,8월 23일,9월 8일,9월 23일,10월 8일,10월 24일,11월 8일,11월 22일,12월 7일,12월 22일
1966,1월 6일,1월 20일,2월 4일,2월 19일,3월 6일,3월 21일,4월 5일,4월 20일,5월 6일,5월 21일,6월 6일,6월 22일,7월 7일,7월 23일,8월 8일,8월 23일,9월 8일,9월 23일,10월 9일,10월 24일,11월 8일,11월 23일,12월 7일,12월 22일
1967,1월 6일,1월 21일,2월 4일,2월 19일,3월 6일,3월 21일,4월 5일,4월 21일,5월 6일,5월 22일,6월 6일,6월 22일,7월 8일,7월 23일,8월 8일,8월 24일,9월 8일,9월 24일,10월 9일,10월 24일,11월 8일,11월 23일,12월 8일,12월 22일
1968,1월 6일,1월 21일,2월 5일,2월 19일,3월 5일,3월 20일,4월 5일,4월 20일,5월 5일,5월 21일,6월 6일,6월 21일,7월 7일,7월 23일,8월 7일,8월 23일,9월 7일,9월 23일,10월 8일,10월 23일,11월 7일,11월 22일,12월 7일,12월 22일
1969,1월 5일,1월 20일,2월 4일,2월 19일,3월 6일,3월 21일,4월 5일,4월 20일,5월 6일,5월 21일,6월 6일,6월 21일,7월 7일,7월 23일,8월 8일,8월 23일,9월 8일,9월 23일,10월 8일,10월 23일,11월 7일,11월 22일,12월 7일,12월 22일
1970,1월 6일,1월 20일,2월 4일,2월 19일,3월 6일,3월 21일,4월 5일,4월 20일,5월 6일,5월 21일,6월 6일,6월 22일,7월 7일,7월 23일,8월 8일,8월 23일,9월 8일,9월 23일,10월 9일,10월 24일,11월 8일,11월 23일,12월 7일,12월 22일
1971,1월 6일,1월 21일,2월 4일,2월 19일,3월 6일,3월 21일,4월 5일,4월 21일,5월 6일,5월 22일,6월 6일,6월 22일,7월 8일,7월 23일,8월 8일,8월 24일,9월 8일,9월 24일,10월 9일,10월 24일,11월 8일,11월 23일,12월 8일,12월 22일
1972,1월 6일,1월 21일,2월 5일,2월 19일,3월 5일,3월 20일,4월 5일,4월 20일,5월 5일,5월 21일,6월 5일,6월 21일,7월 7일,7월 23일,8월 7일,8월 23일,9월 7일,9월 23일,10월 8일,10월 23일,11월 7일,11월 22일,12월 7일,12월 22일
1973,1월 5일,1월 20일,2월 4일,2월 19일,3월 6일,3월 21일,4월 5일,4월 20일,5월 6일,5월 21일,6월 6일,6월 21일,7월 7일,7월 23일,8월 8일,8월 23일,9월 8일,9월 23일,10월 8일,10월 23일,11월 7일,11월 22일,12월 7일,12월 22일
1974,1월 6일,1월 20일,2월 4일,2월 19일,3월 6일,3월 21일,4월 5일,4월 20일,5월 6일,5월 21일,6월 6일,6월 22일,7월 7일,7월 23일,8월 8일,8월 23일,9월 8일,9월 23일,10월 9일,10월 24일,11월 8일,11월 23일,12월 7일,12월 22일
1975,1월 6일,1월 21일,2월 4일,2월 19일,3월 6일,3월 21일,4월 5일,4월 21일,5월 6일,5월 22일,6월 6일,6월 22일,7월 8일,7월 23일,8월 8일,8월 24일,9월 8일,9월 24일,10월 9일,10월 24일,11월 8일,11월 23일,12월 8일,12월 22일
1976,1월 6일,1월 21일,2월 5일,2월 19일,3월 5일,3월 20일,4월 5일,4월 20일,5월 5일,5월 21일,6월 5일,6월 21일,7월 7일,7월 23일,8월 7일,8월 23일,9월 7일,9월 23일,10월 8일,10월 23일,11월 7일,11월 22일,12월 7일,12월 22일
1977,1월 5일,1월 20일,2월 4일,2월 19일,3월 6일,3월 21일,4월 5일,4월 20일,5월 6일,5월 21일,6월 6일,6월 21일,7월 7일,7월 23일,8월 8일,8월 23일,9월 8일,9월 23일,10월 8일,10월 23일,11월 7일,11월 22일,12월 7일,12월 22일
1978,1월 6일,1월 20일,2월 4일,2월 19일,3월 6일,3월 21일,4월 5일,4월 20일,5월 6일,5월 21일,6월 6일,6월 22일,7월 7일,7월 23일,8월 8일,8월 23일,9월 8일,9월 23일,10월 9일,10월 24일,11월 8일,11월 23일,12월 7일,12월 22일
1979,1월 6일,1월 21일,2월 4일,2월 19일,3월 6일,3월 21일,4월 5일,4월 21일,5월 6일,5월 22일,6월 6일,6월 22일,7월 8일,7월 23일,8월 8일,8월 24일,9월 8일,9월 24일,10월 9일,10월 24일,11월 8일,11월 23일,12월 8일,12월 22일
1980,1월 6일,1월 21일,2월 5일,2월 19일,3월 5일,3월 20일,4월 5일,4월 20일,5월 5일,5월 21일,6월 5일,6월 21일,7월 7일,7월 23일,8월 7일,8월 23일,9월 7일,9월 23일,10월 8일,10월 23일,11월 7일,11월 22일,12월 7일,12월 22일
1981,1월 5일,1월 20일,2월 4일,2월 19일,3월 6일,3월 21일,4월 5일,4월 20일,5월 5일,5월 21일,6월 6일,6월 21일,7월 7일,7월 23일,8월 7일,8월 23일,9월 8일,9월 23일,10월 8일,10월 23일,11월 7일,11월 22일,12월 7일,12월 22일
1982,1월 6일,1월 20일,2월 4일,2월 19일,3월 6일,3월 21일,4월 5일,4월 20일,5월 6일,5월 21일,6월 6일,6월 22일,7월 7일,7월 23일,8월 8일,8월 23일,9월 8일,9월 23일,10월 9일,10월 24일,11월 8일,11월 23일,12월 7일,12월 22일
1983,1월 6일,1월 21일,2월 4일,2월 19일,3월 6일,3월 21일,4월 5일,4월 21일,5월 6일,5월 22일,6월 6일,6월 22일,7월 8일,7월 23일,8월 8일,8월 24일,9월 8일,9월 23일,10월 9일,10월 24일,11월 8일,11월 23일,12월 8일,12월 22일
1984,1월 6일,1월 21일,2월 5일,2월 19일,3월 5일,3월 20일,4월 4일,4월 20일,5월 5일,5월 21일,6월 5일,6월 21일,7월 7일,7월 23일,8월 7일,8월 23일,9월 7일,9월 23일,10월 8일,10월 23일,11월 7일,11월 22일,12월 7일,12월 22일
1985,1월 5일,1월 20일,2월 4일,2월 19일,3월 6일,3월 21일,4월 5일,4월 20일,5월 5일,5월 21일,6월 6일,6월 21일,7월 7일,7월 23일,8월 7일,8월 23일,9월 8일,9월 23일,10월 8일,10월 23일,11월 7일,11월 22일,12월 7일,12월 22일
1986,1월 6일,1월 20일,2월 4일,2월 19일,3월 6일,3월 21일,4월 5일,4월 20일,5월 6일,5월 21일,6월 6일,6월 22일,7월 7일,7월 23일,8월 8일,8월 23일,9월 8일,9월 23일,10월 8일,10월 24일,11월 8일,11월 22일,12월 7일,12월 22일
1987,1월 6일,1월 20일,2월 4일,2월 19일,3월 6일,3월 21일,4월 5일,4월 20일,5월 6일,5월 21일,6월 6일,6월 22일,7월 8일,7월 23일,8월 8일,8월 24일,9월 8일,9월 23일,10월 9일,10월 24일,11월 8일,11월 23일,12월 8일,12월 22일
1988,1월 6일,1월 21일,2월 4일,2월 19일,3월 5일,3월 20일,4월 4일,4월 20일,5월 5일,5월 21일,6월 5일,6월 21일,7월 7일,7월 22일,8월 7일,8월 23일,9월 7일,9월 23일,10월 8일,10월 23일,11월 7일,11월 22일,12월 7일,12월 22일
1989,1월 5일,1월 20일,2월 4일,2월 19일,3월 5일,3월 21일,4월 5일,4월 20일,5월 5일,5월 21일,6월 6일,6월 21일,7월 7일,7월 23일,8월 7일,8월 23일,9월 8일,9월 23일,10월 8일,10월 23일,11월 7일,11월 22일,12월 7일,12월 22일
1990,1월 5일,1월 20일,2월 4일,2월 19일,3월 6일,3월 21일,4월 5일,4월 20일,5월 6일,5월 21일,6월 6일,6월 22일,7월 7일,7월 23일,8월 8일,8월 23일,9월 8일,9월 23일,10월 8일,10월 24일,11월 8일,11월 22일,12월 7일,12월 22일
1991,1월 6일,1월 20일,2월 4일,2월 19일,3월 6일,3월 21일,4월 5일,4월 20일,5월 6일,5월 21일,6월 6일,6월 22일,7월 7일,7월 23일,8월 8일,8월 24일,9월 8일,9월 23일,10월 9일,10월 24일,11월 8일,11월 23일,12월 7일,12월 22일
1992,1월 6일,1월 21일,2월 4일,2월 19일,3월 5일,3월 20일,4월 4일,4월 20일,5월 5일,5월 21일,6월 5일,6월 21일,7월 7일,7월 22일,8월 7일,8월 23일,9월 7일,9월 23일,10월 8일,10월 23일,11월 7일,11월 22일,12월 7일,12월 21일
1993,1월 5일,1월 20일,2월 4일,2월 19일,3월 5일,3월 20일,4월 5일,4월 20일,5월 5일,5월 21일,6월 6일,6월 21일,7월 7일,7월 23일,8월 7일,8월 23일,9월 8일,9월 23일,10월 8일,10월 23일,11월 7일,11월 22일,12월 7일,12월 22일
1994,1월 5일,1월 20일,2월 4일,2월 19일,3월 6일,3월 21일,4월 5일,4월 20일,5월 6일,5월 21일,6월 6일,6월 21일,7월 7일,7월 23일,8월 8일,8월 23일,9월 8일,9월 23일,10월 8일,10월 24일,11월 8일,11월 22일,12월 7일,12월 22일
1995,1월 6일,1월 20일,2월 4일,2월 19일,3월 6일,3월 21일,4월 5일,4월 20일,5월 6일,5월 21일,6월 6일,6월 22일,7월 7일,7월 23일,8월 8일,8월 23일,9월 8일,9월 23일,10월 9일,10월 24일,11월 8일,11월 23일,12월 7일,12월 22일
1996,1월 6일,1월 21일,2월 4일,2월 19일,3월 5일,3월 20일,4월 4일,4월 20일,5월 5일,5월 21일,6월 5일,6월 21일,7월 7일,7월 22일,8월 7일,8월 23일,9월 7일,9월 23일,10월 8일,10월 23일,11월 7일,11월 22일,12월 7일,12월 21일
1997,1월 5일,1월 20일,2월 4일,2월 18일,3월 5일,3월 20일,4월 5일,4월 20일,5월 5일,5월 21일,6월 6일,6월 21일,7월 7일,7월 23일,8월 7일,8월 23일,9월 7일,9월 23일,10월 8일,10월 23일,11월 7일,11월 22일,12월 7일,12월 22일
1998,1월 5일,1월 20일,2월 4일,2월 19일,3월 6일,3월 21일,4월 5일,4월 20일,5월 6일,5월 21일,6월 6일,6월 21일,7월 7일,7월 23일,8월 8일,8월 23일,9월 8일,9월 23일,10월 8일,10월 23일,11월 8일,11월 22일,12월 7일,12월 22일
1999,1월 6일,1월 20일,2월 4일,2월 19일,3월 6일,3월 21일,4월 5일,4월 20일,5월 6일,5월 21일,6월 6일,6월 22일,7월 7일,7월 23일,8월 8일,8월 23일,9월 8일,9월 23일,10월 9일,10월 24일,11월 8일,11월 23일,12월 7일,12월 22일
2000,1월 6일,1월 21일,2월 4일,2월 19일,3월 5일,3월 20일,4월 4일,4월 20일,5월 5일,5월 21일,6월 5일,6월 21일,7월 7일,7월 22일,8월 7일,8월 23일,9월 7일,9월 23일,10월 8일,10월 23일,11월 7일,11월 22일,12월 7일,12월 21일
2001,1월 5일,1월 20일,2월 4일,2월 18일,3월 5일,3월 20일,4월 5일,4월 20일,5월 5일,5월 21일,6월 5일,6월 21일,7월 7일,7월 23일,8월 7일,8월 23일,9월 7일,9월 23일,10월 8일,10월 23일,11월 7일,11월 22일,12월 7일,12월 22일
2002,1월 5일,1월 20일,2월 4일,2월 19일,3월 6일,3월 21일,4월 5일,4월 20일,5월 6일,5월 21일,6월 6일,6월 21일,7월 7일,7월 23일,8월 8일,8월 23일,9월 8일,9월 23일,10월 8일,10월 23일,11월 7일,11월 22일,12월 7일,12월 22일
2003,1월 6일,1월 20일,2월 4일,2월 19일,3월 6일,3월 21일,4월 5일,4월 20일,5월 6일,5월 21일,6월 6일,6월 22일,7월 7일,7월 23일,8월 8일,8월 23일,9월 8일,9월 23일,10월 9일,10월 24일,11월 8일,11월 23일,12월 7일,12월 22일
2004,1월 6일,1월 21일,2월 4일,2월 19일,3월 5일,3월 20일,4월 4일,4월 20일,5월 5일,5월 21일,6월 5일,6월 21일,7월 7일,7월 22일,8월 7일,8월 23일,9월 7일,9월 23일,10월 8일,10월 23일,11월 7일,11월 22일,12월 7일,12월 21일
2005,1월 5일,1월 20일,2월 4일,2월 18일,3월 5일,3월 20일,4월 5일,4월 20일,5월 5일,5월 21일,6월 5일,6월 21일,7월 7일,7월 23일,8월 7일,8월 23일,9월 7일,9월 23일,10월 8일,10월 23일,11월 7일,11월 22일,12월 7일,12월 22일
2006,1월 5일,1월 20일,2월 4일,2월 19일,3월 6일,3월 21일,4월 5일,4월 20일,5월 6일,5월 21일,6월 6일,6월 21일,7월 7일,7월 23일,8월 8일,8월 23일,9월 8일,9월 23일,10월 8일,10월 23일,11월 7일,11월 22일,12월 7일,12월 22일
2007,1월 6일,1월 20일,2월 4일,2월 19일,3월 6일,3월 21일,4월 5일,4월 20일,5월 6일,5월 21일,6월 6일,6월 22일,7월 7일,7월 23일,8월 8일,8월 23일,9월 8일,9월 23일,10월 9일,10월 24일,11월 8일,11월 23일,12월 7일,12월 22일
2008,1월 6일,1월 21일,2월 4일,2월 19일,3월 5일,3월 20일,4월 4일,4월 20일,5월 5일,5월 21일,6월 5일,6월 21일,7월 7일,7월 22일,8월 7일,8월 23일,9월 7일,9월 23일,10월 8일,10월 23일,11월 7일,11월 22일,12월 7일,12월 21일
2009,1월 5일,1월 20일,2월 4일,2월 18일,3월 5일,3월 20일,4월 5일,4월 20일,5월 5일,5월 21일,6월 5일,6월 21일,7월 7일,7월 23일,8월 7일,8월 23일,9월 7일,9월 23일,10월 8일,10월 23일,11월 7일,11월 22일,12월 7일,12월 22일
2010,1월 5일,1월 20일,2월 4일,2월 19일,3월 6일,3월 21일,4월 5일,4월 20일,5월 5일,5월 21일,6월 6일,6월 21일,7월 7일,7월 23일,8월 7일,8월 23일,9월 8일,9월 23일,10월 8일,10월 23일,11월 7일,11월 22일,12월 7일,12월 22일
2011,1월 6일,1월 20일,2월 4일,2월 19일,3월 6일,3월 21일,4월 5일,4월 20일,5월 6일,5월 21일,6월 6일,6월 22일,7월 7일,7월 23일,8월 8일,8월 23일,9월 8일,9월 23일,10월 9일,10월 24일,11월 8일,11월 23일,12월 7일,12월 22일
2012,1월 6일,1월 21일,2월 4일,2월 19일,3월 5일,3월 20일,4월 4일,4월 20일,5월 5일,5월 21일,6월 5일,6월 21일,7월 7일,7월 22일,8월 7일,8월 23일,9월 7일,9월 22일,10월 8일,10월 23일,11월 7일,11월 22일,12월 7일,12월 21일
2013,1월 5일,1월 20일,2월 4일,2월 18일,3월 5일,3월 20일,4월 5일,4월 20일,5월 5일,5월 21일,6월 5일,6월 21일,7월 7일,7월 23일,8월 7일,8월 23일,9월 7일,9월 23일,10월 8일,10월 23일,11월 7일,11월 22일,12월 7일,12월 22일
2014,1월 5일,1월 20일,2월 4일,2월 19일,3월 6일,3월 21일,4월 5일,4월 20일,5월 5일,5월 21일,6월 6일,6월 21일,7월 7일,7월 23일,8월 7일,8월 23일,9월 8일,9월 23일,10월 8일,10월 23일,11월 7일,11월 22일,12월 7일,12월 22일
2015,1월 6일,1월 20일,2월 4일,2월 19일,3월 6일,3월 21일,4월 5일,4월 20일,5월 6일,5월 21일,6월 6일,6월 22일,7월 7일,7월 23일,8월 8일,8월 23일,9월 8일,9월 23일,10월 8일,10월 24일,11월 8일,11월 23일,12월 7일,12월 22일
2016,1월 6일,1월 21일,2월 4일,2월 19일,3월 5일,3월 20일,4월 4일,4월 20일,5월 5일,5월 20일,6월 5일,6월 21일,7월 7일,7월 22일,8월 7일,8월 23일,9월 7일,9월 22일,10월 8일,10월 23일,11월 7일,11월 22일,12월 7일,12월 21일
2017,1월 5일,1월 20일,2월 4일,2월 18일,3월 5일,3월 20일,4월 4일,4월 20일,5월 5일,5월 21일,6월 5일,6월 21일,7월 7일,7월 23일,8월 7일,8월 23일,9월 7일,9월 23일,10월 8일,10월 23일,11월 7일,11월 22일,12월 7일,12월 22일
2018,1월 5일,1월 20일,2월 4일,2월 19일,3월 6일,3월 21일,4월 5일,4월 20일,5월 5일,5월 21일,6월 6일,6월 21일,7월 7일,7월 23일,8월 7일,8월 23일,9월 8일,9월 23일,10월 8일,10월 23일,11월 7일,11월 22일,12월 7일,12월 22일
2019,1월 6일,1월 20일,2월 4일,2월 19일,3월 6일,3월 21일,4월 5일,4월 20일,5월 6일,5월 21일,6월 6일,6월 22일,7월 7일,7월 23일,8월 8일,8월 23일,9월 8일,9월 23일,10월 8일,10월 24일,11월 8일,11월 23일,12월 7일,12월 22일
2020,1월 6일,1월 20일,2월 4일,2월 19일,3월 5일,3월 20일,4월 4일,4월 19일,5월 5일,5월 20일,6월 5일,6월 21일,7월 7일,7월 22일,8월 7일,8월 23일,9월 7일,9월 22일,10월 8일,10월 23일,11월 7일,11월 22일,12월 7일,12월 21일
2021,1월 5일,1월 20일,2월 3일,2월 18일,3월 5일,3월 20일,4월 4일,4월 20일,5월 5일,5월 21일,6월 5일,6월 21일,7월 7일,7월 22일,8월 7일,8월 23일,9월 7일,9월 23일,10월 8일,10월 23일,11월 7일,11월 22일,12월 7일,12월 22일
2022,1월 5일,1월 20일,2월 4일,2월 19일,3월 5일,3월 21일,4월 5일,4월 20일,5월 5일,5월 21일,6월 6일,6월 21일,7월 7일,7월 23일,8월 7일,8월 23일,9월 8일,9월 23일,10월 8일,10월 23일,11월 7일,11월 22일,12월 7일,12월 22일
2023,1월 6일,1월 20일,2월 4일,2월 19일,3월 6일,3월 21일,4월 5일,4월 20일,5월 6일,5월 21일,6월 6일,6월 21일,7월 7일,7월 23일,8월 8일,8월 23일,9월 8일,9월 23일,10월 8일,10월 24일,11월 8일,11월 22일,12월 7일,12월 22일
2024,1월 6일,1월 20일,2월 4일,2월 19일,3월 5일,3월 20일,4월 4일,4월 19일,5월 5일,5월 20일,6월 5일,6월 21일,7월 6일,7월 22일,8월 7일,8월 22일,9월 7일,9월 22일,10월 8일,10월 23일,11월 7일,11월 22일,12월 7일,12월 21일
2025,1월 5일,1월 20일,2월 3일,2월 18일,3월 5일,3월 20일,4월 4일,4월 20일,5월 5일,5월 21일,6월 5일,6월 21일,7월 7일,7월 22일,8월 7일,8월 23일,9월 7일,9월 23일,10월 8일,10월 23일,11월 7일,11월 22일,12월 7일,12월 22일
2026,1월 5일,1월 20일,2월 4일,2월 19일,3월 5일,3월 20일,4월 5일,4월 20일,5월 5일,5월 21일,6월 6일,6월 21일,7월 7일,7월 23일,8월 7일,8월 23일,9월 7일,9월 23일,10월 8일,10월 23일,11월 7일,11월 22일,12월 7일,12월 22일
2027,1월 5일,1월 20일,2월 4일,2월 19일,3월 6일,3월 21일,4월 5일,4월 20일,5월 6일,5월 21일,6월 6일,6월 21일,7월 7일,7월 23일,8월 8일,8월 23일,9월 8일,9월 23일,10월 8일,10월 24일,11월 8일,11월 22일,12월 7일,12월 22일
2028,1월 6일,1월 20일,2월 4일,2월 19일,3월 5일,3월 20일,4월 4일,4월 19일,5월 5일,5월 20일,6월 5일,6월 21일,7월 6일,7월 22일,8월 7일,8월 22일,9월 7일,9월 22일,10월 8일,10월 23일,11월 7일,11월 22일,12월 6일,12월 21일
2029,1월 5일,1월 20일,2월 3일,2월 18일,3월 5일,3월 20일,4월 4일,4월 20일,5월 5일,5월 21일,6월 5일,6월 21일,7월 7일,7월 22일,8월 7일,8월 23일,9월 7일,9월 23일,10월 8일,10월 23일,11월 7일,11월 22일,12월 7일,12월 21일
2030,1월 5일,1월 20일,2월 4일,2월 19일,3월 5일,3월 20일,4월 5일,4월 20일,5월 5일,5월 21일,6월 5일,6월 21일,7월 7일,7월 23일,8월 7일,8월 23일,9월 7일,9월 23일,10월 8일,10월 23일,11월 7일,11월 22일,12월 7일,12월 22일
2031,1월 5일,1월 20일,2월 4일,2월 19일,3월 6일,3월 21일,4월 5일,4월 20일,5월 6일,5월 21일,6월 6일,6월 21일,7월 7일,7월 23일,8월 8일,8월 23일,9월 8일,9월 23일,10월 8일,10월 23일,11월 8일,11월 22일,12월 7일,12월 22일
2032,1월 6일,1월 20일,2월 4일,2월 19일,3월 5일,3월 20일,4월 4일,4월 19일,5월 5일,5월 20일,6월 5일,6월 21일,7월 6일,7월 22일,8월 7일,8월 22일,9월 7일,9월 22일,10월 8일,10월 23일,11월 7일,11월 22일,12월 6일,12월 21일
2033,1월 5일,1월 20일,2월 3일,2월 18일,3월 5일,3월 20일,4월 4일,4월 20일,5월 5일,5월 21일,6월 5일,6월 21일,7월 7일,7월 22일,8월 7일,8월 23일,9월 7일,9월 23일,10월 8일,10월 23일,11월 7일,11월 22일,12월 7일,12월 21일
2034,1월 5일,1월 20일,2월 4일,2월 18일,3월 5일,3월 20일,4월 5일,4월 20일,5월 5일,5월 21일,6월 5일,6월 21일,7월 7일,7월 23일,8월 7일,8월 23일,9월 7일,9월 23일,10월 8일,10월 23일,11월 7일,11월 22일,12월 7일,12월 22일
2035,1월 5일,1월 20일,2월 4일,2월 19일,3월 6일,3월 21일,4월 5일,4월 20일,5월 6일,5월 21일,6월 6일,6월 21일,7월 7일,7월 23일,8월 8일,8월 23일,9월 8일,9월 23일,10월 8일,10월 23일,11월 7일,11월 22일,12월 7일,12월 22일
2036,1월 6일,1월 20일,2월 4일,2월 19일,3월 5일,3월 20일,4월 4일,4월 19일,5월 5일,5월 20일,6월 5일,6월 21일,7월 6일,7월 22일,8월 7일,8월 22일,9월 7일,9월 22일,10월 8일,10월 23일,11월 7일,11월 22일,12월 6일,12월 21일
2037,1월 5일,1월 20일,2월 3일,2월 18일,3월 5일,3월 20일,4월 4일,4월 20일,5월 5일,5월 21일,6월 5일,6월 21일,7월 7일,7월 22일,8월 7일,8월 23일,9월 7일,9월 23일,10월 8일,10월 23일,11월 7일,11월 22일,12월 7일,12월 21일
2038,1월 5일,1월 20일,2월 4일,2월 18일,3월 5일,3월 20일,4월 5일,4월 20일,5월 5일,5월 21일,6월 5일,6월 21일,7월 7일,7월 23일,8월 7일,8월 23일,9월 7일,9월 23일,10월 8일,10월 23일,11월 7일,11월 22일,12월 7일,12월 22일
2039,1월 5일,1월 20일,2월 4일,2월 19일,3월 6일,3월 21일,4월 5일,4월 20일,5월 6일,5월 21일,6월 6일,6월 21일,7월 7일,7월 23일,8월 8일,8월 23일,9월 8일,9월 23일,10월 8일,10월 23일,11월 7일,11월 22일,12월 7일,12월 22일
2040,1월 6일,1월 20일,2월 4일,2월 19일,3월 5일,3월 20일,4월 4일,4월 19일,5월 5일,5월 20일,6월 5일,6월 21일,7월 6일,7월 22일,8월 7일,8월 22일,9월 7일,9월 22일,10월 8일,10월 23일,11월 7일,11월 22일,12월 6일,12월 21일
2041,1월 5일,1월 20일,2월 3일,2월 18일,3월 5일,3월 20일,4월 4일,4월 20일,5월 5일,5월 21일,6월 5일,6월 21일,7월 7일,7월 22일,8월 7일,8월 23일,9월 7일,9월 23일,10월 8일,10월 23일,11월 7일,11월 22일,12월 7일,12월 21일
2042,1월 5일,1월 20일,2월 4일,2월 18일,3월 5일,3월 20일,4월 5일,4월 20일,5월 5일,5월 21일,6월 5일,6월 21일,7월 7일,7월 23일,8월 7일,8월 23일,9월 7일,9월 23일,10월 8일,10월 23일,11월 7일,11월 22일,12월 7일,12월 22일
2043,1월 5일,1월 20일,2월 4일,2월 19일,3월 6일,3월 21일,4월 5일,4월 20일,5월 5일,5월 21일,6월 6일,6월 21일,7월 7일,7월 23일,8월 7일,8월 23일,9월 8일,9월 23일,10월 8일,10월 23일,11월 7일,11월 22일,12월 7일,12월 22일
2044,1월 6일,1월 20일,2월 4일,2월 19일,3월 5일,3월 20일,4월 4일,4월 19일,5월 5일,5월 20일,6월 5일,6월 21일,7월 6일,7월 22일,8월 7일,8월 22일,9월 7일,9월 22일,10월 8일,10월 23일,11월 7일,11월 22일,12월 6일,12월 21일
2045,1월 5일,1월 20일,2월 3일,2월 18일,3월 5일,3월 20일,4월 4일,4월 20일,5월 5일,5월 20일,6월 5일,6월 21일,7월 7일,7월 22일,8월 7일,8월 23일,9월 7일,9월 22일,10월 8일,10월 23일,11월 7일,11월 22일,12월 7일,12월 21일
2046,1월 5일,1월 20일,2월 4일,2월 18일,3월 5일,3월 20일,4월 4일,4월 20일,5월 5일,5월 21일,6월 5일,6월 21일,7월 7일,7월 23일,8월 7일,8월 23일,9월 7일,9월 23일,10월 8일,10월 23일,11월 7일,11월 22일,12월 7일,12월 22일
2047,1월 5일,1월 20일,2월 4일,2월 19일,3월 6일,3월 21일,4월 5일,4월 20일,5월 5일,5월 21일,6월 6일,6월 21일,7월 7일,7월 23일,8월 7일,8월 23일,9월 8일,9월 23일,10월 8일,10월 23일,11월 7일,11월 22일,12월 7일,12월 22일
2048,1월 6일,1월 20일,2월 4일,2월 19일,3월 5일,3월 20일,4월 4일,4월 19일,5월 5일,5월 20일,6월 5일,6월 21일,7월 6일,7월 22일,8월 7일,8월 22일,9월 7일,9월 22일,10월 7일,10월 23일,11월 7일,11월 22일,12월 6일,12월 21일
2049,1월 5일,1월 20일,2월 3일,2월 18일,3월 5일,3월 20일,4월 4일,4월 20일,5월 5일,5월 20일,6월 5일,6월 21일,7월 7일,7월 22일,8월 7일,8월 23일,9월 7일,9월 22일,10월 8일,10월 23일,11월 7일,11월 22일,12월 7일,12월 21일
2050,1월 5일,1월 20일,2월 4일,2월 18일,3월 5일,3월 20일,4월 4일,4월 20일,5월 5일,5월 21일,6월 5일,6월 21일,7월 7일,7월 22일,8월 7일,8월 23일,9월 7일,9월 23일,10월 8일,10월 23일,11월 7일,11월 22일,12월 7일,12월 22일
